{
  "lang":"en",
  "name":"pipeline",
  "version":"0.0.0",
  "spacy_version":">=3.4.3,<3.5.0",
  "description":"",
  "author":"",
  "email":"",
  "url":"",
  "license":"",
  "spacy_git_version":"63673a792",
  "vectors":{
    "width":0,
    "vectors":0,
    "keys":0,
    "name":null,
    "mode":"default"
  },
  "labels":{
    "tok2vec":[

    ],
    "ner":[
      "B-DES",
      "B-EMAIL",
      "B-NAME",
      "B-ORG",
      "B-PHOE",
      "B-PHONE",
      "B-WEB",
      "DES",
      "EMAIL",
      "I-DE",
      "I-DES",
      "I-EMAIL",
      "I-NAME",
      "I-OR",
      "I-ORG",
      "I-PHONE",
      "I-WEB",
      "NAME",
      "ORG",
      "PHONE",
      "WEB"
    ]
  },
  "pipeline":[
    "tok2vec",
    "ner"
  ],
  "components":[
    "tok2vec",
    "ner"
  ],
  "disabled":[

  ],
  "performance":{
    "ents_f":0.641350211,
    "ents_p":0.7102803738,
    "ents_r":0.5846153846,
    "ents_per_type":{
      "B-NAME":{
        "p":0.7142857143,
        "r":0.4761904762,
        "f":0.5714285714
      },
      "B-PHONE":{
        "p":0.8,
        "r":0.6829268293,
        "f":0.7368421053
      },
      "B-EMAIL":{
        "p":1.0,
        "r":0.7777777778,
        "f":0.875
      },
      "B-DES":{
        "p":0.5882352941,
        "r":0.5882352941,
        "f":0.5882352941
      },
      "I-NAME":{
        "p":0.95,
        "r":0.7037037037,
        "f":0.8085106383
      },
      "I-PHONE":{
        "p":0.6551724138,
        "r":0.6129032258,
        "f":0.6333333333
      },
      "I-ORG":{
        "p":0.6341463415,
        "r":0.5,
        "f":0.5591397849
      },
      "B-WEB":{
        "p":1.0,
        "r":1.0,
        "f":1.0
      },
      "B-ORG":{
        "p":0.5,
        "r":0.3333333333,
        "f":0.4
      },
      "I-DES":{
        "p":0.5263157895,
        "r":0.5,
        "f":0.5128205128
      },
      "I-EMAIL":{
        "p":0.0,
        "r":0.0,
        "f":0.0
      },
      "NAME":{
        "p":0.0,
        "r":0.0,
        "f":0.0
      }
    },
    "tok2vec_loss":555.7758536515,
    "ner_loss":561.1316164652
  }
}