{
  "lang":"en",
  "name":"pipeline",
  "version":"0.0.0",
  "spacy_version":">=3.4.3,<3.5.0",
  "description":"",
  "author":"",
  "email":"",
  "url":"",
  "license":"",
  "spacy_git_version":"63673a792",
  "vectors":{
    "width":0,
    "vectors":0,
    "keys":0,
    "name":null,
    "mode":"default"
  },
  "labels":{
    "tok2vec":[

    ],
    "ner":[
      "B-DES",
      "B-EMAIL",
      "B-NAME",
      "B-ORG",
      "B-PHOE",
      "B-PHONE",
      "B-WEB",
      "DES",
      "EMAIL",
      "I-DE",
      "I-DES",
      "I-EMAIL",
      "I-NAME",
      "I-OR",
      "I-ORG",
      "I-PHONE",
      "I-WEB",
      "NAME",
      "ORG",
      "PHONE",
      "WEB"
    ]
  },
  "pipeline":[
    "tok2vec",
    "ner"
  ],
  "components":[
    "tok2vec",
    "ner"
  ],
  "disabled":[

  ],
  "performance":{
    "ents_f":0.6339468303,
    "ents_p":0.6768558952,
    "ents_r":0.5961538462,
    "ents_per_type":{
      "B-PHONE":{
        "p":0.7941176471,
        "r":0.6585365854,
        "f":0.72
      },
      "B-EMAIL":{
        "p":0.9444444444,
        "r":0.9444444444,
        "f":0.9444444444
      },
      "B-NAME":{
        "p":0.625,
        "r":0.4761904762,
        "f":0.5405405405
      },
      "B-DES":{
        "p":0.75,
        "r":0.5294117647,
        "f":0.6206896552
      },
      "I-NAME":{
        "p":0.76,
        "r":0.7037037037,
        "f":0.7307692308
      },
      "I-PHONE":{
        "p":0.59375,
        "r":0.6129032258,
        "f":0.6031746032
      },
      "I-ORG":{
        "p":0.6279069767,
        "r":0.5192307692,
        "f":0.5684210526
      },
      "B-WEB":{
        "p":0.8888888889,
        "r":0.8888888889,
        "f":0.8888888889
      },
      "B-ORG":{
        "p":0.4117647059,
        "r":0.3333333333,
        "f":0.3684210526
      },
      "I-DES":{
        "p":0.6470588235,
        "r":0.55,
        "f":0.5945945946
      },
      "EMAIL":{
        "p":0.0,
        "r":0.0,
        "f":0.0
      },
      "I-EMAIL":{
        "p":0.3333333333,
        "r":0.3333333333,
        "f":0.3333333333
      },
      "PHONE":{
        "p":0.0,
        "r":0.0,
        "f":0.0
      },
      "NAME":{
        "p":0.0,
        "r":0.0,
        "f":0.0
      }
    },
    "tok2vec_loss":679.5196093135,
    "ner_loss":444.9121627561
  }
}